Gene,RANGE,N_INFORMATIVE,NumVar,NumPolyVar,NonRefSite,P_value,Test_Type,neg_log10_p,significance_level,Q,rho,OptFreq,Zmax,Stat
CDCA7L,"7:21907041-21952042,7:21907041-21952042,7:21907041-21952042",282,1,1,4.0,0.000876612,CMC,3.057192588555306,Highly_Significant,,,,,
MGAT5,"2:134593975-134928662,2:134728112-134928662",282,2,2,,0.0015,Variable_Threshold,2.8239087409443187,Significant,,,0.008866,24.3511,24.3511
LINC01619,"12:90902882-91060738,12:90902882-91060738,12:90902882-91059620,12:90902882-91060738,12:90902882-91060738",282,1,1,,0.00155254,SKAT-O,2.80895720174366,Significant,774.517,0.0,,,
NR4A3,"9:101623957-101668994,9:101623987-101636162,9:101623987-101668994",282,1,1,5.0,0.00196413,CMC,2.7068297709206566,Significant,,,,,
DNAH8,"6:38791064-39106546,6:38791064-39106546",282,4,4,13.0,0.00208865,CMC,2.6801343296720184,Significant,,,,,
DLGAP1,"18:3492142-3835358,18:3486029-3835358,18:3486029-3835358,18:3486029-3864302,18:3486029-3864760,18:3486029-4445307,18:3486029-3864302,18:3486029-3864767,18:3492142-4445266",282,7,7,,0.00224956,SKAT-O,2.647902418892543,Significant,4947.92,0.4,,,
BORCS8-MEF2B,"19:19117375-19163961,19:19117375-19163961,19:19117375-19163961",282,2,2,,0.00247023,SKAT-O,2.6072626082462116,Significant,2471.07,1.0,,,
ZHX3,"20:39240508-39379785,20:39240508-39334310,20:39240508-39379785,20:39240508-39362174,20:39240508-39379785,20:39240508-39379785,20:39240508-39362174,20:39240508-39379785,20:39240508-39379785,20:39240508-39379785,20:39240508-39379785,20:39240508-39379785",282,1,1,4.0,0.00270625,CMC,2.5676320863025595,Significant,,,,,
BSPRY,"9:115151641-115173323,9:115151641-115173323,9:115151641-115173323",282,1,1,4.0,0.00275546,CMC,2.5598058890861117,Significant,,,,,
MYBPC1,"12:100512839-100603789,12:100512839-100603789,12:100512839-100603789,12:100512839-100603789,12:100512839-100603789,12:100512839-100603789,12:100512839-100603789,12:100512879-100603937,12:100512839-100603789,12:100512839-100603789",282,1,1,4.0,0.0027775,CMC,2.556345932387095,Significant,,,,,
NT5DC1,6:116528708-116677353,282,3,3,9.0,0.00291683,CMC,2.5350888818873107,Significant,,,,,
RAB11FIP4,"17:26839250-26889350,17:26742818-26889350,17:26839250-26889350,17:26839250-26889350,17:26839250-26889350",282,1,1,4.0,0.00397365,CMC,2.4008103882988516,Significant,,,,,
BACH2,"6:90692967-91063348,6:90692967-91063283",282,2,2,,0.00495,Variable_Threshold,2.305394801066431,Significant,,,0.008866,20.4732,20.4732
ITPR2,12:26379551-26877394,282,2,2,,0.00512659,SKAT-O,2.2901714139537126,Significant,460.32,0.0,,,
CRIM1,2:36436424-36631782,282,1,1,4.0,0.00532394,CMC,2.273766847603025,Significant,,,,,
FARP2,"2:241944372-242054116,2:241944372-242054116,2:241944372-242082929",282,2,2,,0.0055,Variable_Threshold,2.2596373105057563,Significant,,,0.008866,21.7007,21.7007
RUNDC3B,"7:87095649-87299547,7:87095649-87299547,7:87095649-87299547",282,3,3,,0.00550994,SKAT-O,2.2588531303334762,Significant,5077.55,1.0,,,
ZFAND3,6:37895480-38230377,282,2,2,,0.00556046,SKAT-O,2.2548892790657775,Significant,1989.56,1.0,,,
DLGAP1-AS5,18:4254601-4286000,282,1,1,4.0,0.00567801,CMC,2.2458038469385526,Significant,,,,,
KCNQ1,"11:2422813-2826911,11:2439259-2826916",282,2,2,,0.0062,Variable_Threshold,2.207608310501746,Significant,,,0.008866,22.4539,22.4539
EML1,"14:99329502-99478148,14:99329502-99478148,14:99329502-99478148,14:99273811-99478148",282,3,3,,0.00657108,SKAT-O,2.182363245433582,Significant,1726.14,0.0,,,
DCAF1,"3:51410312-51509071,3:51408337-51509071,3:51410312-51509071,3:51408337-51509058,3:51410312-51509071,3:51408337-51509071,3:51410312-51509071",282,2,2,7.0,0.00702143,CMC,2.1535744294850776,Significant,,,,,
GRM8,"7:125865887-126680231,7:125865887-126680231,7:125865887-126680231,7:125865887-126670805,7:125865887-126679664,7:125865887-126680231,7:125865887-126680231,7:125865887-126679545,7:125865887-126679545,7:125865887-126680231,7:126127356-126679545",282,4,4,13.0,0.00740559,CMC,2.13044033571981,Significant,,,,,
ALG9,"11:111158128-111247515,11:111158128-111247234,11:111158128-111247234,11:111158128-111247214,11:111158128-111247515,11:111158128-111247515,11:111158128-111247234,11:111158128-111247234,11:111158128-111247234,11:111158128-111247234,11:111158128-111247234,11:111158128-111247234,11:111158128-111247214,11:111158128-111247214,11:111158128-111247234,11:111158128-111247234,11:111158128-111247515,11:111158128-111247515,11:111158128-111247515,11:111158128-111247515",282,2,2,4.0,0.00748296,CMC,2.1259265762824717,Significant,,,,,
NLRC5,"16:55580969-55653416,16:55580969-55674933,16:55580969-55674933,16:55580969-55674933,16:55580969-55674933,16:55580969-55674933,16:55580969-55654186,16:55580969-55674933,16:55580969-55674933,16:55580969-55653416,16:55580969-55674933,16:55580969-55653416,16:55580969-55674933,16:55580969-55653416,16:55580969-55674933,16:55580969-55654186,16:55580969-55674933,16:55580969-55654186,16:55580969-55674933,16:55580969-55674933,16:55580969-55674933,16:55580969-55674933,16:55580969-55674933,16:55580969-55653416,16:55580969-55653416,16:55580969-55674933,16:55580969-55674933,16:55580969-55674933,16:55580969-55674933,16:55580969-55653416,16:55580969-55653416,16:55580969-55674933,16:55580969-55653416,16:55580969-55653416,16:55580969-55639632",282,3,3,8.0,0.00757195,CMC,2.1207922624837017,Significant,,,,,
MEI1,22:40425452-40525404,282,1,1,,0.00805,Variable_Threshold,2.0942041196321317,Significant,,,0.008866,20.8246,20.8246
NOVA1,"14:25982135-26137079,14:26009163-26136800,14:25982135-26137079,14:25982138-26092476,14:25982138-26135143,14:25982138-26135143,14:25982138-26136128,14:25982138-26136128,14:25982138-26136128,14:25982135-26137079,14:25982135-26137079,14:25982135-26137079",282,3,3,10.0,0.00824502,CMC,2.0838082865471637,Significant,,,,,
NRL,"14:23617748-23653998,14:23617710-23653998,14:23617748-23653998,14:23617735-23634179",282,1,1,,0.0083,Variable_Threshold,2.0809219076239263,Significant,,,0.008866,20.8246,20.8246
ALDH3A1,"17:19581889-19589517,17:19581893-19592203,17:19581889-19589364,17:19581893-19592203",282,1,1,3.0,0.008596,CMC,2.0657035931805945,Significant,,,,,
TCEA1,"8:55041668-55097561,8:55041668-55097561,8:55041668-55097561,8:55041668-55097561",282,1,1,,0.00875,Variable_Threshold,2.057991946977687,Significant,,,0.008866,20.8246,20.8246
SYT17,"16:19091157-19187155,16:19087062-19187155,16:19086656-19187157",282,1,1,,0.0088,Variable_Threshold,2.0555173278498313,Significant,,,0.008866,20.8246,20.8246
SLC1A3,"5:36642464-36724193,5:36642213-36645156,5:36642464-36724193,5:36642213-36724193,5:36642213-36724193",282,1,1,,0.00885,Variable_Threshold,2.0530567293021744,Significant,,,0.008866,20.8246,20.8246
KATNBL1,15:32220166-32289589,282,1,1,5.0,0.00888576,CMC,2.0513054210167385,Significant,,,,,
IGDCC3,15:63406517-63457393,282,1,1,4.0,0.00989454,CMC,2.004604391463185,Significant,,,,,
TJP1,"15:27779648-27901963,15:27778862-27901963,15:27778862-27901963,15:27778862-27900974,15:27778862-28048544,15:27778862-27901963,15:27778862-27901963,15:27778862-27900169,15:27778862-28048544",282,2,2,,0.01095,Variable_Threshold,1.960585880823863,Suggestive,,,0.007093,19.3533,19.3533
GNG5,1:84736595-84744852,282,1,1,,0.0110248,SKAT-O,1.957629280289532,Suggestive,733.249,0.0,,,
RIMS2,"8:104582013-105337498,8:104582013-105337498,8:104900623-105337498,8:104582013-105337498,8:104582013-105337498,8:104900623-105337498,8:104900623-105337498,8:104900623-105337498,8:104582013-105337498,8:104900623-105337498,8:104900623-105337498,8:104582013-105337498,8:104900623-105337498,8:104582013-105337498,8:104582013-105337498,8:104900623-105337498,8:105304738-105335829,8:104900623-105337498,8:104582013-105337498,8:104582013-105337498,8:104582013-105337498,8:104900623-105337498,8:104900623-105337498,8:104582013-105337498,8:104582013-105337498,8:104900623-105337498,8:104900623-105337498,8:104582013-105337498,8:104582013-105337498,8:104900623-105337498,8:104900623-105337498,8:104582013-105337498",282,1,1,,0.0113696,SKAT-O,1.944254814190766,Suggestive,398.609,0.0,,,
FAM189A1,15:27199746-27650219,282,1,1,,0.0113749,SKAT-O,1.9440524126610996,Suggestive,433.653,0.0,,,
OTOGL,"12:79127124-79298791,12:79017447-79298791,12:79017447-79298791,12:79017447-79298791",282,4,4,,0.0113974,SKAT-O,1.9431942095790566,Suggestive,1212.55,0.0,,,
RTN4R,22:18608937-18635841,282,1,1,3.0,0.0115291,CMC,1.938204593857897,Suggestive,,,,,
PCSK2,"20:17155684-17413222,20:17154751-17413222,20:17155684-17413222",282,2,2,4.0,0.0115381,CMC,1.9378657013581166,Suggestive,,,,,
ARMC3,"10:23256987-23367458,10:23256987-23343412,10:23256987-23367458,10:23256958-23367458",282,1,1,5.0,0.0119494,CMC,1.9226539008439636,Suggestive,,,,,
TRHDE,12:70952416-71350805,282,2,2,,0.0121161,SKAT-O,1.9166371508831759,Suggestive,1284.47,0.0,,,
ZBTB20-AS5,3:115655129-115721669,282,2,2,,0.0125995,SKAT-O,1.8996466891324009,Suggestive,423.259,0.1,,,
BMPR1A,10:88506355-88677706,282,2,2,3.0,0.0127533,CMC,1.8943774241435172,Suggestive,,,,,
NCKAP5,"2:133145832-134042504,2:133145832-134042504",282,8,8,17.0,0.013137,CMC,1.881503800088212,Suggestive,,,,,
AKAP12,"6:151602794-151721387,6:151688358-151721390,6:151704533-151721387",282,1,1,4.0,0.0132816,CMC,1.8767496034834608,Suggestive,,,,,
IGF2R,6:160310103-160452524,282,2,2,5.0,0.0133454,CMC,1.8746684046273672,Suggestive,,,,,
LPCAT1,5:1514541-1577075,282,1,1,2.0,0.0136966,CMC,1.8633872273324021,Suggestive,,,,,
ERC2,"3:55517378-56477535,3:55517378-56477535",282,4,4,,0.0138527,SKAT-O,1.8584655709446793,Suggestive,1736.81,0.0,,,
MACROD2,"20:15125485-15981841,20:13924161-15981841,20:13924161-15981841,20:15125485-15981841,20:13924161-15981841",282,10,10,18.0,0.0141199,CMC,1.8501683790350634,Suggestive,,,,,
RNF103-CHMP3,2:86584063-86801756,282,3,3,,0.01435,Variable_Threshold,1.8431480989299889,Suggestive,,,0.007093,20.2622,20.2622
CDC42SE2,"5:130627644-130758264,5:130627644-130758264,5:130627644-130758264,5:130627644-130758264,5:130627644-130758264",282,2,2,,0.0144474,SKAT-O,1.8402103028901997,Suggestive,2158.65,1.0,,,
ABCB1,"7:86970268-87068136,7:86971114-87180575,7:86971114-87180575,7:86971114-87180575",282,4,4,17.0,0.0144893,CMC,1.8389525954453687,Suggestive,,,,,
CHMP3,"2:86584063-86644077,2:86584063-86644077,2:86584063-86644077,2:86584063-86644077",282,3,3,,0.0148,Variable_Threshold,1.8297382846050425,Suggestive,,,0.007093,20.2622,20.2622
CEP192,18:12981360-13115035,282,2,2,5.0,0.0149185,CMC,1.8262748413721828,Suggestive,,,,,
LOC105370401,"14:21956454-21971585,14:21917647-21971585,14:21917647-22021788,14:21956454-21971585",282,1,1,5.0,0.0158102,CMC,1.8010626361812005,Suggestive,,,,,
SMYD3,"1:243979264-244647337,1:243979271-244737204,1:243979271-244218476,1:243979271-244218476,1:243979271-244585465,1:243979271-244737204",282,2,2,7.0,0.0158489,CMC,1.8000008748032033,Suggestive,,,,,
GUSBP11,22:22310674-22389610,282,3,3,,0.0158542,SKAT-O,1.7998556675032529,Suggestive,1190.56,0.7,,,
ROBO2,"3:77171939-77781804,3:76442720-77781804,3:77171939-77781804,3:77171939-77781804,3:77229852-77781804,3:77171939-77781804,3:77229852-77781804,3:77171939-77781804,3:77229852-77781804,3:77229852-77781804,3:77229852-77781804,3:76442720-77781804,3:77229852-77781804,3:76442720-77781804,3:77229852-77781804,3:77171939-77781804,3:77171939-77781804,3:77229852-77781804,3:76442720-77781804",282,6,6,,0.01635,Variable_Threshold,1.786482243003695,Suggestive,,,0.00532,20.7956,20.7956
SLC22A3,6:160689399-160793595,282,1,1,5.0,0.0166725,CMC,1.7779992739093093,Suggestive,,,,,
LINC01580,"15:92244933-92328383,15:92244933-92318165",282,1,1,5.0,0.0167372,CMC,1.7763171942674458,Suggestive,,,,,
PDE4D,"5:58300623-58371060,5:58300623-59819649,5:58300623-59827870,5:58488303-59100431,5:58544765-59100431,5:58488303-59704247,5:58300623-59819649,5:58300623-59100431,5:58300623-58688553,5:58300623-58331482,5:58300623-58371060,5:58300623-58607698,5:58300623-59225310,5:58300622-58918081,5:58300623-58919208,5:58300623-59100431,5:58300623-58918081,5:58300623-59819649",282,2,2,,0.0169301,SKAT-O,1.7713404766624807,Suggestive,425.358,1.0,,,
ASXL3,18:29412180-29585156,282,1,1,,0.0172183,SKAT-O,1.7640097295992656,Suggestive,418.515,0.0,,,
SLCO1A2,"12:21308800-21439638,12:21308800-21379118",282,3,3,9.0,0.0173093,CMC,1.7617204949371053,Suggestive,,,,,
PPL,16:4872508-4927150,282,1,1,,0.0174343,SKAT-O,1.758595485181626,Suggestive,562.661,0.0,,,
LINC02169,16:52836957-52862292,282,1,1,4.0,0.0176097,CMC,1.7542480426388767,Suggestive,,,,,
DNAH8-AS1,6:38982248-39028861,282,2,2,9.0,0.0176708,CMC,1.752743788483005,Suggestive,,,,,
RYR3,"15:31390459-31945595,15:31390459-31945614",282,2,2,,0.0180001,SKAT-O,1.7447250821562743,Suggestive,990.02,1.0,,,
NLE1,"17:30482453-30493383,17:30479862-30493435",282,1,1,,0.01845,Variable_Threshold,1.7340036295049208,Suggestive,,,0.007093,18.5926,18.5926
PPP3CB,"10:74866191-74925788,10:74866191-74925788,10:74866196-74925788,10:74873543-74925788,10:74873543-74925788",282,1,1,,0.01885,Variable_Threshold,1.7246886454581885,Suggestive,,,0.007093,18.5926,18.5926
SYNJ2BP,14:69902968-69953560,282,1,1,,0.01905,Variable_Threshold,1.7201050199883618,Suggestive,,,0.008866,18.5926,18.5926
PDE4A,"19:10404110-10441307,19:10402520-10441307,19:10392213-10441306,19:10388448-10441307,19:10424607-10441306",282,1,1,,0.0192,Variable_Threshold,1.7166987712964503,Suggestive,,,0.007093,18.5926,18.5926
EEF2K,16:22125099-22207560,282,1,1,,0.01925,Variable_Threshold,1.7155692661554804,Suggestive,,,0.007093,18.5926,18.5926
NINL,"20:25381332-25514167,20:25381332-25514167",282,1,1,3.0,0.0195082,CMC,1.7097828006275733,Suggestive,,,,,
KIAA1549L,11:33354229-33652222,282,4,4,6.0,0.0196842,CMC,1.7058822309954493,Suggestive,,,,,
BMPER,"7:33911051-34162564,7:33911675-34162564",282,1,1,,0.0197,Variable_Threshold,1.705533773838407,Suggestive,,,0.007093,18.5926,18.5926
F10,"13:112825113-112851844,13:112825113-112851844,13:112825113-112851844",282,1,1,5.0,0.0197938,CMC,1.7034708222358703,Suggestive,,,,,
TRIM72,16:31132940-31150359,282,1,1,5.0,0.0198588,CMC,1.702046997991883,Suggestive,,,,,
GBA2,"9:35726862-35739225,9:35726862-35739225",282,1,1,5.0,0.0198803,CMC,1.7015770662484881,Suggestive,,,,,
PPP2R2B,"5:145940497-146238513,5:145949260-146415893,5:145949260-146238683,5:145949260-146441276,5:145940497-146441190,5:145949260-146441226,5:145949260-146441226,5:145949260-146415893,5:145949260-146238541,5:145940497-146238513",282,1,1,5.0,0.0199796,CMC,1.699413210781293,Suggestive,,,,,
PIK3C3,"18:37789196-37921791,18:37789196-37921791",282,1,1,,0.02,Variable_Threshold,1.6989700043360187,Suggestive,,,0.007093,18.5926,18.5926
SYNJ2BP-COX16,"14:69861550-69953560,14:69861550-69953560,14:69861550-69953560",282,1,1,,0.0201,Variable_Threshold,1.6968039425795112,Suggestive,,,0.008866,18.5926,18.5926
STRN,2:36918344-37047183,282,5,5,,0.0201052,SKAT-O,1.6966916023191225,Suggestive,1550.25,0.0,,,
EGLN1,"1:229566125-229624656,1:229566125-229624656,1:229566125-229624656",282,2,2,,0.0205434,SKAT-O,1.6873276776306316,Suggestive,1204.96,0.0,,,
LOC101928978,4:85108258-85439346,282,2,2,,0.02055,Variable_Threshold,1.687188173787912,Suggestive,,,0.008866,20.4619,20.4619
ZZZ3,"1:77800688-77921671,1:77800688-77920931,1:77800688-77920931,1:77800688-77921671,1:77800688-77921700,1:77800688-77920931,1:77800688-77920931,1:77800688-77921671,1:77800688-77921671,1:77800688-77921671,1:77800688-77921671,1:77800688-77920931,1:77800688-77920931,1:77800688-77921671",282,2,2,,0.02075,Variable_Threshold,1.6829818989518885,Suggestive,,,0.007093,17.8192,17.8192
PEX5,"12:7233548-7255322,12:7233548-7255322,12:7233548-7255322,12:7233548-7255322,12:7233548-7255322,12:7233548-7255322,12:7233548-7255322,12:7233548-7255322,12:7233548-7255322,12:7233548-7255322,12:7233548-7255322,12:7233548-7255322,12:7233075-7255322,12:7232515-7255322,12:7233548-7255322,12:7233548-7255322,12:7233548-7262436,12:7233548-7255322,12:7233548-7255322,12:7233548-7255322,12:7233548-7255322,12:7233075-7255322,12:7233548-7255322,12:7233075-7262436,12:7233548-7255322,12:7233548-7255322",282,1,1,3.0,0.0208704,CMC,1.6804692272101558,Suggestive,,,,,
MEF2B,"19:19117375-19142072,19:19117375-19142072",282,1,1,5.0,0.0208725,CMC,1.680425530274257,Suggestive,,,,,
ELAPOR2,"7:86344158-86507486,7:86344158-86507486,7:86344158-86433151,7:86344158-86526906",282,2,2,,0.0209852,SKAT-O,1.678086887377796,Suggestive,955.17,1.0,,,
KALRN,"3:125786195-125876964,3:125786195-125876964,3:125786194-125876964,3:125786194-125927862,3:125786195-125876964,3:125786194-125927862,3:125786194-125876964,3:125296217-125927862,3:125296217-125876964,3:125296243-125721387,3:125786195-125876964,3:125296243-125366223,3:125296243-125721387,3:125786194-125876964,3:125296243-125721387,3:125786195-125876964,3:125296243-125721387,3:125296243-125721387",282,4,4,,0.0210189,SKAT-O,1.6773900160161705,Suggestive,4119.46,1.0,,,
P4HA2,"5:131553738-131591445,5:131553738-131591445,5:131553738-131590683,5:131553738-131591445,5:131553738-131591445,5:131553738-131591445,5:131553738-131591445,5:131553738-131591445,5:131553738-131591445",282,1,1,,0.0212,Variable_Threshold,1.6736641390712486,Suggestive,,,0.007093,18.5926,18.5926
GNG12-AS1,1:68070558-68441258,282,2,2,,0.0212,Variable_Threshold,1.6736641390712486,Suggestive,,,0.00532,18.7251,18.7251
ADAMTS18,"16:75873525-76026432,16:75873525-76026432",282,1,1,5.0,0.0212036,CMC,1.673590397212604,Suggestive,,,,,
SYT14,"1:208178141-208404256,1:208178184-208411357,1:208178184-208411357,1:208178141-208404256,1:208178184-208411357,1:208178184-208411357",282,3,3,,0.0214208,SKAT-O,1.6691643136583356,Suggestive,884.662,0.1,,,
TIAM1,"21:31412606-31638540,21:31412606-31853271,21:31412606-31853271,21:31412606-31853271,21:31412606-31853271,21:31412606-31853271,21:31412606-31638540,21:31412606-31638540,21:31412606-31853271,21:31412606-31853271,21:31412606-31455128,21:31412606-31455128",282,2,2,,0.0215,Variable_Threshold,1.6675615400843946,Suggestive,,,0.008866,18.7251,18.7251
BABAM2,"2:27967099-28415271,2:27966985-28415271,2:27966985-28415271,2:27966985-28415271,2:27965079-28415271,2:27966985-28415271,2:27966985-28415271,2:27966985-28415271,2:27966985-28415271,2:27966985-28415271,2:27966985-28415271,2:27966985-28415271,2:27966985-28415271,2:27967099-28415271",282,2,2,4.0,0.0220609,CMC,1.6563767739873645,Suggestive,,,,,
LINC02588,14:26137692-26345513,282,2,2,7.0,0.0221478,CMC,1.65466940692679,Suggestive,,,,,
GOLGA6L10,"15:80729488-80736252,15:80419404-80815253",282,2,2,,0.0223,Variable_Threshold,1.6516951369518393,Suggestive,,,0.008866,17.37,17.37
GJA3,13:19610394-19633191,282,2,2,,0.0223161,SKAT-O,1.6513817011534553,Suggestive,856.244,0.2,,,
LINC01581,15:92249635-92452171,282,3,3,10.0,0.0224516,CMC,1.648752703818312,Suggestive,,,,,
LHFPL6,13:38815028-39075330,282,3,3,9.0,0.0225268,CMC,1.6473004967380407,Suggestive,,,,,
CAB39L,"13:48780786-48885888,13:48780786-48916201,13:48780786-48873679,13:48780786-48916201,13:48780786-48885888",282,1,1,3.0,0.0225855,CMC,1.6461702905425994,Suggestive,,,,,
ZNF445,"3:44448200-44494166,3:44448200-44494166",282,2,2,,0.0228067,SKAT-O,1.6419375501232283,Suggestive,1116.19,0.0,,,
ITFG2,"12:2792094-2804503,12:2792094-2811643,12:2792094-2839218",282,1,1,5.0,0.0228122,CMC,1.641832829506903,Suggestive,,,,,
CA10,"17:47062672-47592160,17:47062672-47592376,17:47062679-47591073",282,3,3,11.0,0.0228325,CMC,1.6414465336800537,Suggestive,,,,,
RHEX,"1:204405504-204454820,1:204405504-204424360",282,2,2,,0.024,Variable_Threshold,1.6197887582883939,Suggestive,,,0.007093,18.5926,18.5926
ADAM17,"2:9546065-9613410,2:9546065-9613410,2:9546065-9613410",282,2,2,,0.0246006,SKAT-O,1.6090543004774571,Suggestive,689.54,0.0,,,
HGF,"7:81209942-81237299,7:81166263-81237299,7:81166263-81237299,7:81218151-81237299,7:81209942-81237299",282,1,1,4.0,0.025189,CMC,1.5987890735936896,Suggestive,,,,,
C1orf112,"1:168030804-168089844,1:168030763-168088853,1:168030804-168040150,1:168030763-168088853,1:168030494-168040150,1:168030804-168089844,1:168030804-168089844,1:168030804-168089844,1:168030804-168089844,1:168030804-168089844,1:168030804-168089844,1:168030804-168089844",282,2,2,4.0,0.0253613,CMC,1.595828488631149,Suggestive,,,,,
DNAI1,"9:34448802-34510982,9:34448749-34510987",282,1,1,3.0,0.0254015,CMC,1.5951406368254113,Suggestive,,,,,
LOC100506675,"11:32014100-32019440,11:32018188-32019440",282,1,1,5.0,0.0257304,CMC,1.5895534622761494,Suggestive,,,,,
LINC00377,13:80490526-80516578,282,1,1,4.0,0.0263253,CMC,1.5796266709458113,Suggestive,,,,,
KATNAL1,"13:29674766-29779688,13:29674766-29779148",282,3,3,,0.0265436,SKAT-O,1.5760401758910556,Suggestive,2032.76,0.1,,,
TRAPPC3L,6:116922844-116973540,282,1,1,3.0,0.0268257,CMC,1.5714489365690618,Suggestive,,,,,
COL13A1,"10:71231667-71388906,10:71231667-71388906,10:71231667-71388906,10:71231667-71388906,10:71231667-71388906,10:71231667-71388906,10:71231667-71388906,10:71231667-71388906,10:71231667-71388906,10:71231667-71388906,10:71231667-71388906,10:71231667-71388906,10:71231667-71388906,10:71231667-71388906,10:71231667-71388906,10:71231667-71388906",282,3,3,7.0,0.0268471,CMC,1.5711026195367765,Suggestive,,,,,
BCAS1,"20:51993483-52120711,20:51993483-52120540,20:51993483-52120540,20:51993483-52120540,20:51993483-52120540,20:51993483-52120711,20:51993483-52108966",282,3,3,,0.0273063,SKAT-O,1.5637371427180033,Suggestive,2030.82,0.5,,,
CSMD1,8:2780289-4839844,282,15,15,,0.0274536,SKAT-O,1.561400698295061,Suggestive,3262.43,0.0,,,
LINC02328,14:85470774-85665874,282,1,1,5.0,0.0274933,CMC,1.5607731289897226,Suggestive,,,,,
RBMS3,"3:29297565-30026881,3:29297806-30007813,3:29297806-30007813,3:29297565-30026881,3:29297565-30026881,3:29297806-30026890",282,4,4,,0.0276226,SKAT-O,1.5587354455072262,Suggestive,1187.27,0.0,,,
B3GNT2,"2:62296159-62305370,2:62276753-62305370",282,1,1,,0.0278583,SKAT-O,1.5550453891017708,Suggestive,290.859,0.0,,,
ANKRD50,"4:125804653-125853337,4:125804653-125853337",282,1,1,,0.0279141,SKAT-O,1.554176370010748,Suggestive,430.502,0.0,,,
HPSE,"4:84432637-84475025,4:84432637-84475330,4:84432637-84474990,4:84432637-84475330",282,1,1,4.0,0.0282418,CMC,1.5491076268427908,Suggestive,,,,,
TPK1,"7:143779966-144164079,7:143779966-144164079,7:143779966-144164079,7:143779966-144164079,7:143779966-144164079,7:143779966-144164079,7:143779966-144164079,7:143779966-144164079,7:143779966-144164079,7:143779966-144066924,7:143779966-144164079,7:143779966-144164079,7:143779966-144066924,7:143779966-144163966,7:143779966-144164079,7:143779966-144163966,7:143779966-144163966,7:143779966-144164079",282,1,1,5.0,0.0287164,CMC,1.541870005868856,Suggestive,,,,,
FGF6,12:4413568-4425041,282,1,1,,0.0289685,SKAT-O,1.5380739921482753,Suggestive,580.036,0.0,,,
ADCY10P1,6:41176750-41216551,282,1,1,5.0,0.0290483,CMC,1.5368792788406962,Suggestive,,,,,
MYO3B,"2:170742902-171219923,2:170742902-171219923,2:170742902-171219923,2:170742902-171219923,2:170742902-171219923",282,3,3,,0.0291,Variable_Threshold,1.5361070110140926,Suggestive,,,0.008866,18.7923,18.7923
SMIM28,6:138740734-138746315,282,1,1,,0.0291201,SKAT-O,1.5358071379656755,Suggestive,652.54,0.0,,,
TBC1D2,"9:100001114-100057752,9:100001100-100015654,9:100001114-100057752,9:100001114-100057752",282,2,2,4.0,0.0293393,CMC,1.532550252107048,Suggestive,,,,,
LONP2,"16:46835711-46948761,16:46835711-46948761,16:46835711-46954415",282,1,1,5.0,0.0293577,CMC,1.5322779717953194,Suggestive,,,,,
MIR548AE2,16:46832103-46978060,282,1,1,5.0,0.0293577,CMC,1.5322779717953194,Suggestive,,,,,
SNX27,"1:149851149-149938180,1:149851149-149938180",282,1,1,3.0,0.0295518,CMC,1.5294160611022063,Suggestive,,,,,
GARRE1,19:39437298-39538311,282,1,1,3.0,0.0295518,CMC,1.5294160611022063,Suggestive,,,,,
ABCA10,"17:64655742-64752584,17:64655742-64736560",282,1,1,4.0,0.0295519,CMC,1.5294145915005335,Suggestive,,,,,
MAVS,"20:3775480-3804765,20:3775480-3804765,20:3775445-3804770,20:3775480-3804765",282,1,1,4.0,0.0296208,CMC,1.5284032162100263,Suggestive,,,,,
MGC4859,7:10455971-10786096,282,2,2,,0.0300657,SKAT-O,1.5219286803068135,Suggestive,682.033,1.0,,,
PRCC,1:155003950-155037230,282,1,1,5.0,0.0301423,CMC,1.5208236120347287,Suggestive,,,,,
ASAP1,"8:131133532-131525102,8:131133532-131525088,8:131133532-131525088,8:131133532-131525102,8:131133532-131525102",282,2,2,8.0,0.0301483,CMC,1.5207371717969465,Suggestive,,,,,
SLC25A21,"14:36216876-36711562,14:36216876-36711562",282,2,2,,0.03035,Variable_Threshold,1.5178413045887236,Suggestive,,,0.008866,17.37,17.37
KCNJ6,21:37901544-38210630,282,1,1,,0.0303568,SKAT-O,1.5177440106285975,Suggestive,171.438,0.0,,,
LINC02873,11:130048060-130092457,282,1,1,,0.030637,SKAT-O,1.5137537634269445,Suggestive,321.024,0.0,,,
TAF1B,"2:9901021-9991996,2:9901053-9991996,2:9901021-9991996",282,1,1,,0.0307377,SKAT-O,1.512328632434152,Suggestive,195.618,0.0,,,
ANO5,"11:22171206-22261479,11:22171206-22261479",282,1,1,,0.0307747,SKAT-O,1.5118061719946838,Suggestive,213.627,0.0,,,
MALT1,"18:54489676-54572689,18:54489676-54572689",282,1,1,5.0,0.0312584,CMC,1.5050332556499946,Suggestive,,,,,
ALPK2,18:54299460-54447303,282,2,2,6.0,0.0312585,CMC,1.505031866283337,Suggestive,,,,,
TRAF3IP2-AS1,"6:111911367-112030190,6:111911367-112030190,6:111911367-111931504,6:111911367-112006076",282,1,1,5.0,0.0313975,CMC,1.5031049308894933,Suggestive,,,,,
TRAF3IP2,"6:111983273-112034170,6:111983276-112033774,6:111983276-111995175,6:111983276-112033774",282,1,1,5.0,0.0313975,CMC,1.5031049308894933,Suggestive,,,,,
LOC102725072,22:17217630-17228564,282,1,1,5.0,0.0314376,CMC,1.5025506161485742,Suggestive,,,,,
LOC107987394,"22:17101458-17125419,22:17040792-17264277,22:18706403-18730462,22:17101431-17125419,22:18706430-18730462",282,1,1,5.0,0.0314376,CMC,1.5025506161485742,Suggestive,,,,,
CCSER1,"4:91267567-92745468,4:91375204-91922177,4:91267567-92079982",282,3,3,12.0,0.0317022,CMC,1.4989105985170315,Suggestive,,,,,
BCL2,"18:58941558-59137982,18:59136166-59137982",282,2,2,4.0,0.0318191,CMC,1.4973121084908656,Suggestive,,,,,
ZBTB7C,"18:43807040-44189752,18:43807040-43917517,18:43807040-44192954,18:43807040-43974295,18:43807040-44155996,18:43807040-44189752,18:43807040-44189752,18:43807040-44155996,18:43807040-44189752",282,1,1,4.0,0.0318191,CMC,1.4973121084908656,Suggestive,,,,,
LINC00598,"13:39819270-39953143,13:39819270-39953143,13:39923070-39953143",282,2,2,,0.03195,Variable_Threshold,1.495529137505581,Suggestive,,,0.007093,18.5926,18.5926
FSHR,"2:49042799-49235158,2:49042799-49235158",282,1,1,4.0,0.031975,CMC,1.4951894468493083,Suggestive,,,,,
HTR2A,"13:46303681-46369189,13:46303681-46369189,13:46303681-46370218",282,2,2,,0.0323241,SKAT-O,1.490473558341616,Suggestive,537.764,0.0,,,
COQ2,"4:84404000-84425311,4:84404000-84424975",282,1,1,4.0,0.032495,CMC,1.4881834586969098,Suggestive,,,,,
SCEL,"13:77007841-77117399,13:77007841-77117399,13:77007809-77117399",282,1,1,4.0,0.0325596,CMC,1.4873209391286544,Suggestive,,,,,
ARID4B,"1:233396832-233557425,1:233396839-233558117,1:233396839-233558117,1:233396839-233558117",282,1,1,4.0,0.0325596,CMC,1.4873209391286544,Suggestive,,,,,
NFXL1,"4:47544006-47611441,4:47544014-47611357,4:47544006-47611418,4:47544006-47611441",282,1,1,3.0,0.0325597,CMC,1.4873196052860551,Suggestive,,,,,
NUMB,"14:72811670-72995039,14:72811670-72995039,14:72811670-72995039,14:72811670-72995039,14:72811670-72995039",282,1,1,3.0,0.0325597,CMC,1.4873196052860551,Suggestive,,,,,
LOC101927179,"4:47528118-47593622,4:47528118-47593622",282,1,1,3.0,0.0325597,CMC,1.4873196052860551,Suggestive,,,,,
LINC02190,16:31465519-31472389,282,2,2,,0.0327642,SKAT-O,1.4846004317007355,Suggestive,420.354,0.1,,,
MYCBP2,13:76516792-76799230,282,3,3,,0.0328704,SKAT-O,1.483195010955316,Suggestive,1128.5,0.8,,,
LINC00624,1:145320537-145456323,282,3,3,,0.03405,Variable_Threshold,1.4678828837511961,Suggestive,,,0.007093,18.5926,18.5926
NAALADL2,3:176059817-177011030,282,3,3,,0.0341422,SKAT-O,1.4667084979524885,Suggestive,792.233,0.6,,,
ZNF251,8:145917102-145951721,282,2,2,,0.0344433,SKAT-O,1.4628952456291768,Suggestive,1210.58,1.0,,,
ILDR2,1:165144047-165211401,282,1,1,4.0,0.0345642,CMC,1.4613734905566453,Suggestive,,,,,
GRM1,"6:146392026-146800427,6:146392026-146800427,6:146390535-146800429,6:146391890-146800429",282,4,4,,0.0346913,SKAT-O,1.4597794253742005,Suggestive,3563.65,0.8,,,
RCL1,"9:4782833-4851077,9:4782833-4851077,9:4782943-4851066,9:4829768-4851077",282,1,1,5.0,0.03471,CMC,1.459545386328588,Suggestive,,,,,
GSTO2,"10:106024913-106054698,10:106024913-106054698,10:106018931-106054698,10:106018620-106049166",282,3,3,,0.0353809,SKAT-O,1.4512311239400784,Suggestive,1979.58,0.3,,,
ARHGAP39,"8:145725370-145801888,8:145725370-145882039,8:145725370-145809696",282,1,1,3.0,0.0361287,CMC,1.442147665140638,Suggestive,,,,,
PID1,"2:229596932-229844247,2:229596932-229844247,2:229596932-229844247,2:229596932-229844247,2:229596932-229805052",282,4,4,5.0,0.0362307,CMC,1.4409232750408008,Suggestive,,,,,
LSAMP,"3:117003910-117647024,3:117003910-117647024",282,3,3,,0.0367612,SKAT-O,1.4346103203307534,Suggestive,574.259,1.0,,,
MAP3K20,"2:173648819-173800119,2:173648819-173840989",282,1,1,,0.03795,Variable_Threshold,1.420788219768501,Suggestive,,,0.008866,17.0627,17.0627
PFKFB3,"10:6226889-6317501,10:6284900-6317501,10:6284900-6317501,10:6284900-6317501,10:6226889-6317501,10:6228216-6317513,10:6226889-6317501,10:6284900-6336617",282,3,3,9.0,0.0379681,CMC,1.4205811352847904,Suggestive,,,,,
ACTR3,"2:114364135-114436643,2:114363980-114435599,2:114364644-114435599",282,1,1,3.0,0.0380452,CMC,1.4197001285126196,Suggestive,,,,,
LMNTD1,"12:25520282-25597484,12:25540518-25692779,12:25540518-25692779,12:25544052-25597484,12:25520282-25597484,12:25540518-25692779,12:25520282-25597484,12:25540518-25692779",282,1,1,5.0,0.0385576,CMC,1.4138900063873305,Suggestive,,,,,
SF3B3,16:69115219-69169072,282,1,1,3.0,0.0387536,CMC,1.4116879476734359,Suggestive,,,,,
ZNF562,"19:9613482-9646776,19:9613482-9646776,19:9620337-9646776,19:9613482-9646776",282,1,1,5.0,0.0388694,CMC,1.4103921632200407,Suggestive,,,,,
DISC1,"1:229829158-229926443,1:229829158-230243641,1:229829158-230243641,1:229829158-229974031,1:229829183-230021613,1:229829158-230212023,1:229829158-230161872,1:229829183-230021613,1:229829183-230021613,1:229829158-229905025,1:229829158-230243641,1:229829158-230243641,1:229829158-230212023,1:229829183-230021613,1:229829183-229952988,1:229829158-230069075,1:229829158-229926443,1:229829158-229926443,1:229829158-229952988,1:229829158-229926443,1:229829158-230212023,1:229829158-230057748,1:229829158-230161872",282,3,3,,0.0389,Variable_Threshold,1.4100503986742923,Suggestive,,,0.007093,18.7251,18.7251
PPP6R2,"22:49128621-49230384,22:49128621-49230384,22:49128621-49230384,22:49128621-49230384,22:49128621-49230384,22:49128621-49230384,22:49128621-49230384,22:49128621-49230384,22:49128621-49230384,22:49128621-49230384,22:49128621-49230384,22:49128621-49230384,22:49128621-49230384",282,1,1,3.0,0.039556,CMC,1.4027876317805839,Suggestive,,,,,
XAB2,19:7590410-7600431,282,1,1,,0.0396,Variable_Threshold,1.4023048140744876,Suggestive,,,0.008866,17.0627,17.0627
PROS1,"3:95074584-95175430,3:95074584-95175430",282,1,1,3.0,0.0396062,CMC,1.402236823796118,Suggestive,,,,,
NCALD,"8:102767945-103205738,8:102767945-103205738,8:102767945-103205738,8:102767945-103205738,8:102767945-103205738,8:102767945-102872373,8:102767945-103205738,8:102767945-103206311",282,2,2,9.0,0.039688,CMC,1.4013407859718707,Suggestive,,,,,
SNTB1,8:121617176-121893467,282,1,1,3.0,0.0397206,CMC,1.4009841998865995,Suggestive,,,,,
VAT1L,16:76379961-76571505,282,1,1,3.0,0.0400686,CMC,1.3971958315851825,Suggestive,,,,,
FOXJ3,"1:42414805-42573493,1:42414805-42574138,1:42414796-42573473,1:42414805-42573213",282,2,2,,0.0402,Variable_Threshold,1.39577394691553,Suggestive,,,0.007093,16.3025,16.3025
FRMD3,"9:85049358-85343136,9:85047726-85072003,9:85049358-85072003,9:85047726-85343136,9:85047724-85136696,9:85049358-85272477",282,2,2,,0.04025,Variable_Threshold,1.3952341152961127,Suggestive,,,0.007093,18.5926,18.5926
CYP2B7P,19:46122009-46148405,282,1,1,,0.04025,Variable_Threshold,1.3952341152961127,Suggestive,,,0.008866,17.0627,17.0627
FAM219A,"9:34388181-34448568,9:34388181-34448568,9:34388181-34448568,9:34388181-34448568,9:34388181-34448568,9:34388181-34448568",282,2,2,,0.0404248,SKAT-O,1.3933521200699532,Suggestive,763.228,0.0,,,
TSNAX-DISC1,"1:229731021-230021613,1:229731021-230021613,1:229731021-230243641,1:229731021-230021613,1:229731021-229952988,1:229731021-230021613,1:229731021-230021613,1:229731021-229904930",282,3,3,,0.0407,Variable_Threshold,1.3904055907747799,Suggestive,,,0.007093,18.7251,18.7251
SP140,"2:230798694-230886174,2:230798694-230812035,2:230798694-230886174,2:230798688-230886174,2:230798694-230886174",282,1,1,,0.04075,Variable_Threshold,1.3898723869240046,Suggestive,,,0.008866,17.0627,17.0627
MOSMO,16:21926932-22003473,282,1,1,,0.0408064,SKAT-O,1.389271717628057,Suggestive,628.095,0.0,,,
SYNE1,"6:152484511-152531115,6:152484511-152548206,6:152484514-153000190,6:152484511-152999679",282,1,1,,0.04085,Variable_Threshold,1.3888079391315657,Suggestive,,,0.008866,17.0627,17.0627
CTNNA2,"2:79593567-80729499,2:80394014-80729499,2:79593567-80729499,2:80385740-80729499,2:79603816-80729499,2:79593684-80729416,2:80385740-80729499",282,11,11,,0.0408829,SKAT-O,1.3884583054044783,Suggestive,7541.96,1.0,,,
CIITA,"16:10878559-10937751,16:10878555-10926341,16:10878559-10937751,16:10878559-10937751,16:10878555-10926341,16:10878559-10937751,16:10880324-10937751,16:10878559-10937751,16:10878559-10937751",282,1,1,,0.0409138,SKAT-O,1.3881301821396235,Suggestive,751.204,0.0,,,
ZBTB20,"3:115516053-116348825,3:115516053-115960644,3:115516036-115825743,3:115516036-115826482,3:115516053-115960644,3:115516036-116272951,3:115516036-115585179,3:115516053-116348825,3:115516053-116348825,3:115516053-116301845,3:115516053-116301845,3:115516053-116348825,3:115516036-116348825,3:115516053-116102162",282,6,6,,0.0409303,SKAT-O,1.387955072167164,Suggestive,568.32,0.0,,,
HTATIP2,"11:20341835-20361904,11:20342262-20345776,11:20341822-20361905,11:20341806-20361905,11:20341864-20361905",282,1,1,,0.041,Variable_Threshold,1.3872161432802645,Suggestive,,,0.008866,17.0627,17.0627
LINC02044,3:114343886-114369268,282,1,1,,0.04115,Variable_Threshold,1.3856301604517114,Suggestive,,,0.008866,17.0627,17.0627
ZNF697,1:119963522-119992412,282,1,1,,0.0412,Variable_Threshold,1.3851027839668655,Suggestive,,,0.008866,17.0627,17.0627
LINC01362,1:83141453-83405086,282,1,1,,0.04125,Variable_Threshold,1.384576047114056,Suggestive,,,0.008866,17.0627,17.0627
NHLRC3,"13:38510592-38522244,13:38510447-38522244,13:38510447-38522244",282,1,1,4.0,0.041255,CMC,1.3845234085488256,Suggestive,,,,,
OLAH,"10:15125947-15155858,10:15125947-15155858",282,1,1,,0.0413,Variable_Threshold,1.3840499483435988,Suggestive,,,0.008866,17.0627,17.0627
GTPBP10,"7:89813965-89858703,7:89813965-89858703",282,1,1,,0.04135,Variable_Threshold,1.3835244861114346,Suggestive,,,0.008866,17.0627,17.0627
CYB5R4,6:84626126-84733861,282,1,1,5.0,0.0414271,CMC,1.3827154673311763,Suggestive,,,,,
LOC643542,18:63334762-63717836,282,7,7,,0.0415,Variable_Threshold,1.3819519032879073,Suggestive,,,0.00532,17.7449,17.7449
SHC3,9:90810505-90983553,282,1,1,,0.0418412,SKAT-O,1.3783958684547184,Suggestive,618.276,0.0,,,
UBE2E2,"3:23219821-23608289,3:23219821-23244601,3:23219592-23244601,3:23219596-23553192,3:23219596-23608420",282,1,1,,0.04185,Variable_Threshold,1.3783045376707213,Suggestive,,,0.008866,17.0627,17.0627
EHBP1,"2:62786290-63127125,2:62754516-63127125,2:62786351-63127125,2:62786290-63127125,2:62786351-63127125,2:62786351-63127125,2:62786290-63127125,2:62786351-63127125,2:62786290-63127125,2:62786262-63127125,2:62786351-63127125,2:62787535-63127125,2:62786951-63127125,2:62786290-63127125,2:62786290-63127125",282,1,1,,0.042,Variable_Threshold,1.3767507096020994,Suggestive,,,0.008866,17.0627,17.0627
PPP3R1,2:68259492-68333168,282,2,2,4.0,0.0420188,CMC,1.3765563546149764,Suggestive,,,,,
NFKB1,"4:103641547-103757507,4:103641547-103757507,4:103641547-103757507,4:103641547-103757507,4:103642122-103757507,4:103642122-103757507,4:103641547-103757507",282,2,2,,0.0420316,SKAT-O,1.3764240775666499,Suggestive,870.033,1.0,,,
ELOVL2,6:11088978-11152524,282,1,1,,0.0420721,SKAT-O,1.376005809930942,Suggestive,357.811,0.0,,,
SLC4A10,"2:162189090-162550032,2:162189171-162550025,2:162189171-162550025,2:162189171-162550025,2:162189171-162550025,2:162189171-162550025,2:162189171-162550025,2:162189171-162550025,2:162189171-162550025,2:162189171-162550025,2:162189171-162550025,2:162189171-162550025,2:162189171-162550025,2:162189171-162550025,2:162189171-162550025,2:162189171-162550025,2:162189171-162550025,2:162189090-162550032,2:162189171-162550025",282,1,1,3.0,0.0420854,CMC,1.3758685407236249,Suggestive,,,,,
SLC15A4,12:127843691-127874456,282,1,1,3.0,0.0420854,CMC,1.3758685407236249,Suggestive,,,,,
LRRC6,"8:133651845-133756973,8:133651845-133756973,8:133651845-133756973,8:133651845-133756973,8:133651845-133756973,8:133651845-133756973,8:133651845-133756973,8:133651845-133756973,8:133651845-133756973,8:133651845-133756973,8:133651845-133756973,8:133651845-133756973,8:133651845-133756973,8:133651845-133756973,8:133651845-133756973,8:133651845-133756973,8:133651845-133756973",282,2,2,3.0,0.0420854,CMC,1.3758685407236249,Suggestive,,,,,
HADH,"4:109130493-109175776,4:109130493-109175776,4:109145268-109175780",282,1,1,5.0,0.0420939,CMC,1.375780835002415,Suggestive,,,,,
OLFML2B,"1:160219605-160260879,1:160219605-160260879,1:160219605-160260879",282,1,1,,0.0421,Variable_Threshold,1.3757179041643317,Suggestive,,,0.008866,17.0627,17.0627
FOXN3,"14:88692275-89155262,14:88692275-88953330",282,1,1,,0.04215,Variable_Threshold,1.3752024210392388,Suggestive,,,0.008866,17.0627,17.0627
LINC01603,8:70499659-70523033,282,1,1,4.0,0.0421698,CMC,1.3749984587219721,Suggestive,,,,,
WDR25,"14:99912505-100066393,14:99912505-100066393,14:99912505-100066393,14:99912574-100066393,14:99912505-100066393,14:99912574-100066393",282,2,2,,0.0422,Variable_Threshold,1.3746875490383261,Suggestive,,,0.008866,17.0627,17.0627
TGFB1,19:46528067-46551667,282,3,3,,0.04225,Variable_Threshold,1.3741732867142888,Suggestive,,,0.008866,17.0627,17.0627
GNPTAB,12:100663407-100748868,282,1,1,,0.0423,Variable_Threshold,1.3736596326249577,Suggestive,,,0.008866,16.0728,16.0728
TTC39C,"18:19848715-19854250,18:19826848-19969562,18:19848715-19969562,18:19947288-19969562",282,1,1,,0.04235,Variable_Threshold,1.3731465853332743,Suggestive,,,0.00532,16.0728,16.0728
CASP10,"2:201756108-201802374,2:201756108-201773697,2:201755865-201794628,2:201756108-201794632,2:201756108-201794632,2:201756108-201802374,2:201756108-201794632",282,1,1,,0.0424,Variable_Threshold,1.3726341434072673,Suggestive,,,0.008866,17.0627,17.0627
ZC3H8,2:112685577-112729090,282,1,1,,0.0424,Variable_Threshold,1.3726341434072673,Suggestive,,,0.008866,17.0627,17.0627
KCTD16,"5:143530629-143845442,5:143565146-143845442,5:143565146-143845442",282,2,2,,0.04245,Variable_Threshold,1.3721223054200284,Suggestive,,,0.00532,16.1725,16.1725
AOPEP,"9:96528771-96889321,9:96528801-96735776,9:96561751-96889321",282,1,1,3.0,0.0425287,CMC,1.3713178924201257,Suggestive,,,,,
LRRC28,"15:97609208-97748457,15:97609208-97748457,15:97609208-97748457,15:97609208-97748457,15:97609208-97748457,15:97609208-97748457,15:97609208-97748457,15:97609208-97748457,15:97609208-97748457,15:97609208-97748457,15:97609208-97748457,15:97609208-97748457,15:97609208-97748457,15:97609208-97748457,15:97609208-97748457",282,1,1,3.0,0.0425287,CMC,1.3713178924201257,Suggestive,,,,,
CELSR3,3:48648899-48675323,282,1,1,,0.0427,Variable_Threshold,1.3695721249749762,Suggestive,,,0.008866,17.0627,17.0627
PAK5,"20:9466017-9767724,20:9466031-9767724",282,1,1,,0.0427,Variable_Threshold,1.3695721249749762,Suggestive,,,0.00532,16.0728,16.0728
METRNL,"17:78630773-78646287,17:78632310-78646291",282,1,1,,0.0427,Variable_Threshold,1.3695721249749762,Suggestive,,,0.008866,17.0627,17.0627
ACBD7-DCLRE1CP1,10:15097076-15170781,282,1,1,,0.04275,Variable_Threshold,1.3690638809358084,Suggestive,,,0.008866,17.0627,17.0627
UNC13A,19:17573136-17660008,282,1,1,,0.0428,Variable_Threshold,1.368556230986828,Suggestive,,,0.008866,17.0627,17.0627
LOC100128317,"7:81043637-81093468,7:81043637-81158658",282,2,2,,0.0429316,SKAT-O,1.3672229256779698,Suggestive,592.605,0.0,,,
SMAD3,"15:65245546-65274587,15:65144993-65274559,15:65205107-65274587,15:65217412-65274587",282,1,1,5.0,0.0429446,CMC,1.3670914380642218,Suggestive,,,,,
ARMC4P1,10:27587696-27663990,282,1,1,,0.0431,Variable_Threshold,1.3655227298392685,Suggestive,,,0.008866,17.0627,17.0627
DYNC2I2,9:130435760-130458950,282,1,1,,0.0432,Variable_Threshold,1.3645162531850878,Suggestive,,,0.008866,17.0627,17.0627
SYCE3,22:49336406-49348214,282,1,1,,0.04325,Variable_Threshold,1.364013888199167,Suggestive,,,0.008866,17.0627,17.0627
MFF-DT,2:227794011-227898124,282,1,1,,0.04325,Variable_Threshold,1.364013888199167,Suggestive,,,0.00532,16.0728,16.0728
SEC24D,"4:119863425-119976729,4:119863425-119976729",282,1,1,5.0,0.0432892,CMC,1.3636204400310539,Suggestive,,,,,
LIMD1,3:45611246-45702836,282,1,1,4.0,0.0433635,CMC,1.3628756718261763,Suggestive,,,,,
FYB1,"5:39141110-39255422,5:39141110-39255422,5:39141110-39255422,5:39141110-39306508,5:39141110-39255422",282,4,4,,0.0434582,SKAT-O,1.3619282657342353,Suggestive,1480.78,0.0,,,
ACACA,"17:32516039-32790172,17:32516039-32841040,17:32516039-32841015,17:32516039-32730805,17:32516039-32730805",282,1,1,,0.04355,Variable_Threshold,1.361011840656318,Suggestive,,,0.008866,17.0627,17.0627
ELL,19:18414472-18493880,282,1,1,,0.04375,Variable_Threshold,1.3590219426416679,Suggestive,,,0.00532,16.0728,16.0728
GLIS3,"9:3814126-4290068,9:3814127-4142183",282,3,3,8.0,0.0438101,CMC,1.3584257555093704,Suggestive,,,,,
PLEK,2:68445917-68478089,282,1,1,,0.04385,Variable_Threshold,1.3580304022979406,Suggestive,,,0.00532,16.0728,16.0728
C5orf66,5:134396862-134708269,282,2,2,6.0,0.0440832,CMC,1.3557268875705144,Suggestive,,,,,
IKBKE,"1:204710441-204736845,1:204710441-204736845,1:204710441-204736845",282,1,1,,0.0441,Variable_Threshold,1.3555614105321614,Suggestive,,,0.00532,16.0728,16.0728
NDUFAF5,"20:13713673-13750226,20:13713673-13750226,20:13713673-13750226,20:13713673-13750226,20:13713673-13750226,20:13713673-13750226,20:13713673-13750226,20:13713671-13732062,20:13713673-13750226,20:13713673-13750226,20:13713673-13750226,20:13713673-13750226,20:13713673-13750226",282,1,1,,0.0442,Variable_Threshold,1.3545777306509081,Suggestive,,,0.008866,17.0627,17.0627
IL12A-AS1,3:161113883-161407573,282,2,2,,0.04425,Variable_Threshold,1.3540867249661557,Suggestive,,,0.007093,16.3025,16.3025
LOC100129175,2:219575180-219588688,282,1,1,,0.04425,Variable_Threshold,1.3540867249661557,Suggestive,,,0.00532,16.0728,16.0728
CHURC1-FNTB,"14:64450831-64599126,14:64450925-64599121",282,1,1,4.0,0.0442583,CMC,1.354005271719164,Suggestive,,,,,
FNTB,14:64523365-64599121,282,1,1,4.0,0.0442583,CMC,1.354005271719164,Suggestive,,,,,
MAX,"14:64611597-64638988,14:64611597-64638988,14:64611597-64638988,14:64620209-64639015,14:64611597-64638988,14:64542571-64639015,14:64611594-64639166,14:64620209-64639015,14:64620209-64639166,14:64542571-64639015",282,1,1,4.0,0.0442583,CMC,1.354005271719164,Suggestive,,,,,
SIK3,"11:116219335-116474354,11:116280443-116474354,11:116219335-116474354,11:116219335-116474354,11:116219335-116474354",282,1,1,5.0,0.0442792,CMC,1.353800234196298,Suggestive,,,,,
CASR,"3:123385863-123493165,3:123385204-123493165",282,3,3,10.0,0.0443379,CMC,1.3532248804594618,Suggestive,,,,,
MTDH,"8:98725587-98811664,8:98725587-98811664,8:98725587-98811664,8:98725587-98811664,8:98725587-98811664",282,1,1,,0.04435,Variable_Threshold,1.3531063758322548,Suggestive,,,0.008866,17.0627,17.0627
MAGI1,"3:65314240-65999633,3:65314240-65999633,3:65314240-65999633,3:65319986-65999633,3:65314240-65999633,3:65319986-65999633",282,3,3,10.0,0.0444422,CMC,1.352204450536497,Suggestive,,,,,
CFAP65,"2:219575811-219614482,2:219606657-219614482,2:219599513-219614517,2:219599513-219614482",282,1,1,,0.04445,Variable_Threshold,1.3521282346937675,Suggestive,,,0.00532,16.0728,16.0728
IGF2BP3,7:23316352-23476635,282,1,1,4.0,0.0446048,CMC,1.3506184035895472,Suggestive,,,,,
AK7,"14:95928217-96025517,14:95928217-96025517,14:95928217-96025517,14:95928217-96025517,14:95928217-96025517",282,2,2,,0.0446427,SKAT-O,1.3502495470534297,Suggestive,1009.22,0.0,,,
RORB-AS1,9:76278170-76303289,282,1,1,5.0,0.0447346,CMC,1.3493564416015438,Suggestive,,,,,
BRDT,"1:92187515-92252573,1:92187515-92252573,1:92190296-92252573,1:92187515-92252573,1:92187515-92252573,1:92187515-92252573,1:92187515-92252573",282,2,2,,0.0447885,SKAT-O,1.3488334821552532,Suggestive,433.247,1.0,,,
LTBP1,"2:33213166-33478079,2:33213166-33478079,2:33213166-33478079,2:33213166-33478079,2:33025523-33478079",282,1,1,4.0,0.0448075,CMC,1.348649286537595,Suggestive,,,,,
GABRG3,"15:24799073-25400078,15:24799073-25460724",282,4,4,,0.044996,SKAT-O,1.3468260918944361,Suggestive,1334.95,0.0,,,
PPA2,"4:106509682-106614676,4:106509682-106614676,4:106509682-106614668,4:106509682-106614676",282,1,1,,0.04505,Variable_Threshold,1.3463052046849182,Suggestive,,,0.00532,16.0728,16.0728
LINC02511,4:137936506-138353403,282,1,1,,0.0450885,SKAT-O,1.3459342125213023,Suggestive,389.383,0.0,,,
KCNQ3,"8:133202289-133562524,8:133202286-133528691",282,1,1,,0.04515,Variable_Threshold,1.3453422453504753,Suggestive,,,0.00532,16.0728,16.0728
CCDC93,2:118389528-118488116,282,1,1,,0.0453,Variable_Threshold,1.3439017979871681,Suggestive,,,0.00532,16.0728,16.0728
GLI2,"2:121266326-121466699,2:121209913-121466699,2:121209913-121466699,2:121209913-121466699",282,1,1,,0.04535,Variable_Threshold,1.343422708603886,Suggestive,,,0.008866,17.0627,17.0627
ASTN1,"1:175096825-175400471,1:175096822-175400471,1:175093063-175400663,1:175104576-175400663",282,4,4,12.0,0.0454032,CMC,1.3429135371568457,Suggestive,,,,,
TMTC2,"12:81604815-82052775,12:81605064-81883881,12:81604815-82052775",282,1,1,,0.04545,Variable_Threshold,1.3424661124420139,Suggestive,,,0.00532,16.0728,16.0728
LMO3,"12:16592572-16652415,12:16592572-16651351,12:16592572-16650171,12:16592572-16649580,12:16592572-16651001,12:16592572-16652415,12:16592572-16652415,12:16592572-16652415,12:16592572-16652415,12:16592572-16650363",282,1,1,,0.04545,Variable_Threshold,1.3424661124420139,Suggestive,,,0.008866,17.0627,17.0627
PPFIA4,"1:201262241-201314487,1:201262241-201314487",282,1,1,,0.0457,Variable_Threshold,1.3400837999301498,Suggestive,,,0.008866,17.0627,17.0627
MIR924HG,18:35040885-35585957,282,1,1,,0.04575,Variable_Threshold,1.339608901597533,Suggestive,,,0.00532,16.0728,16.0728
PTPRZ1,"7:121300450-121489326,7:121300450-121489326,7:121300450-121489326,7:121300450-121489326,7:121300450-121489326",282,1,1,,0.0461,Variable_Threshold,1.3362990746103518,Suggestive,,,0.00532,16.0728,16.0728
CASP5,"11:104370171-104399105,11:104370171-104399105,11:104370171-104399105,11:104370171-104399105,11:104370179-104399105,11:104370171-104399105",282,1,1,,0.0461,Variable_Threshold,1.3362990746103518,Suggestive,,,0.00532,16.0728,16.0728
RAB26,"16:2138145-2144163,16:2138626-2144163",282,1,1,3.0,0.0461542,CMC,1.3357887723449287,Suggestive,,,,,
EHHADH-AS1,3:186363382-186392437,282,1,1,,0.0462,Variable_Threshold,1.3353580244438745,Suggestive,,,0.008866,17.0627,17.0627
COL25A1,"4:109951325-110443263,4:109964487-110443263,4:109964487-110443263,4:109949329-110443263",282,1,1,,0.0463,Variable_Threshold,1.334419008982047,Suggestive,,,0.00532,16.0728,16.0728
COL11A1,"1:103114616-103346666,1:103114616-103346666,1:103114616-103346666,1:103114610-103346640,1:103114610-103346640",282,1,1,5.0,0.0463826,CMC,1.3336449104197998,Suggestive,,,,,
MIR548AU,"2:107132552-107332413,9:95396943-95396997",282,1,1,,0.04655,Variable_Threshold,1.3320803146826385,Suggestive,,,0.00532,16.0728,16.0728
ATP5MC2,"12:52345210-52355470,12:52345220-52356381,12:52345220-52356134,12:52345220-52356134,12:52345220-52356134,12:52345220-52356134,12:52345220-52356381,12:52345220-52356381,12:52345220-52356134,12:52345220-52356134,12:52345220-52356134,12:52345220-52356134",282,1,1,,0.0466,Variable_Threshold,1.3316140833099999,Suggestive,,,0.00532,16.0728,16.0728
PREPL,"2:44398251-44440392,2:44398251-44440392,2:44398251-44442204,2:44398251-44442505,2:44398250-44442137,2:44398251-44442505,2:44398251-44441317,2:44398250-44442137,2:44398250-44442137,2:44398250-44442137",282,2,2,8.0,0.0466328,CMC,1.3313085071695403,Suggestive,,,,,
TSPAN13,7:16759904-16790686,282,1,1,3.0,0.0466431,CMC,1.3312125931514116,Suggestive,,,,,
ITK,5:156540428-156614773,282,1,1,,0.04675,Variable_Threshold,1.3302183847914635,Suggestive,,,0.00532,16.0728,16.0728
MRGPRE,11:3202835-3210223,282,1,1,,0.04685,Variable_Threshold,1.3292904047762029,Suggestive,,,0.00532,16.0728,16.0728
NBPF19,1:144004727-147024931,282,10,10,20.0,0.0470835,CMC,1.3271312609053076,Suggestive,,,,,
NBPF10,"1:146469550-146713415,1:144004727-147024915",282,10,10,20.0,0.0470835,CMC,1.3271312609053076,Suggestive,,,,,
DIO2-AS1,14:79747514-79991563,282,2,2,,0.0470875,SKAT-O,1.3270943667886759,Suggestive,727.695,0.0,,,
LINC01950,5:106178796-106374614,282,1,1,4.0,0.0471656,CMC,1.3263746364710618,Suggestive,,,,,
PRKCA,17:61729192-62237323,282,7,7,11.0,0.0472699,CMC,1.3254153164509286,Suggestive,,,,,
TRIM26,"6_cox_hap1:1600847-1629790,6_cox_hap1:1600847-1629790,6_qbl_hap2:1399093-1428051,6_qbl_hap2:1399093-1428051,6:30260210-30289162,6:30260210-30289162",282,1,1,3.0,0.047491,CMC,1.323388685547283,Suggestive,,,,,
CUEDC1,"17:53293602-53335749,17:53293602-53387772",282,1,1,,0.0478,Variable_Threshold,1.320572103387881,Suggestive,,,0.00532,16.0728,16.0728
EXOC4,"7:132588362-132819486,7:132588373-133401053",282,4,4,14.0,0.0481085,CMC,1.3177781839803826,Suggestive,,,,,
MUC22,"6:31081707-31111158,6:31081707-31111158,6:31081707-31111158,6_cox_hap1:2422155-2451709,6_cox_hap1:2422155-2451709,6_cox_hap1:2422155-2451709,6_qbl_hap2:2221102-2250582,6_qbl_hap2:2221102-2250582,6_qbl_hap2:2221102-2250582",282,3,3,8.0,0.0482376,CMC,1.3166143080960448,Suggestive,,,,,
BTRC,"10:103103911-103307060,10:103103911-103307060,10:103103779-103307068",282,1,1,,0.0482748,SKAT-O,1.3162795168044208,Suggestive,285.767,0.0,,,
CCDC148,"2:158735830-159021511,2:158736114-159021511,2:158903350-159021511",282,3,3,,0.04845,Variable_Threshold,1.314706218613216,Suggestive,,,0.007093,15.9272,15.9272
CRPPA,"7:16093674-16427688,7:16093674-16427688,7:16093674-16427688,7:16093674-16427688",282,4,4,8.0,0.0493143,CMC,1.3070271271615777,Suggestive,,,,,
